[
    {
     "FECHA": "17-04-2024",
     "HORA": "09:36:00",
     "ESPECIAL": "NO",
     "Llamado": 34678,
     "Llamante": 9111111,
     "TIPO CLIENTE": "MOSSOS",
     "IDIOMA": "Búlgaro",
     "COORDINADOR": 1453,
     "DURACION": "00:00:00",
     "TIEMPO COLA": 3,
     "ATENDIDA": "NO",
     "CODIGO": "004000062ED5CAD6CB900505698CE95"
    },
    {
     "FECHA": "17-04-2024",
     "HORA": "09:34:02",
     "ESPECIAL": "NO",
     "Llamado": 34678,
     "Llamante": 9111111,
     "TIPO CLIENTE": "ASILO Y REFUGIO",
     "IDIOMA": "Bambara",
     "COORDINADOR": 1280,
     "DURACION": "00:00:00",
     "TIEMPO COLA": 20,
     "ATENDIDA": "NO",
     "CODIGO": "004000062E85CAD6CB900505698CE95"
    },
    {
     "FECHA": "17-04-2024",
     "HORA": "09:34:30",
     "ESPECIAL": "NO",
     "DURACION": "00:00:37",
     "Llamado": 34678,
     "Llamante": 9111111,
     "TIPO CLIENTE": "MOSSOS",
     "IDIOMA": "Búlgaro",
     "COORDINADOR": 1453,
     "INICIO": "09:35:00",
     "FIN": "09:35:40",
     "DURACION": "00:00:00",
     "TIEMPO COLA": 0,
     "ATENDIDA": "SI",
     "CODIGO": "003000001695CADB858000C295545C1"
    },
    {
     "FECHA": "17-04-2024",
     "HORA": "09:32:25",
     "ESPECIAL": "NO",
     "Llamado": 34678,
     "Llamante": 9111111,
     "TIPO CLIENTE": "OTROS",
     "IDIOMA": "Pashto\/Pastu",
     "COORDINADOR": 1355,
     "DURACION": "00:00:00",
     "TIEMPO COLA": 7,
     "ATENDIDA": "NO",
     "CODIGO": "004000062CA5CAD6CB900505698CE95"
    },
    {
     "FECHA": "17-04-2024",
     "HORA": "09:32:00",
     "ESPECIAL": "NO",
     "DURACION": "00:05:56",
     "Llamado": 34678,
     "Llamante": 9111111,
     "TIPO CLIENTE": "ASILO Y REFUGIO",
     "IDIOMA": "Bambara",
     "COORDINADOR": 1303,
     "DURACION": "00:00:00",
     "TIEMPO COLA": 4,
     "ATENDIDA": "NO",
     "CODIGO": "004000062D35CAD6CB900505698CE95"
    },
    {
     "FECHA": "17-04-2024",
     "HORA": "09:28:18",
     "ESPECIAL": "NO",
     "DURACION": "00:09:57",
     "Llamado": 34678,
     "Llamante": 9111111,
     "TIPO CLIENTE": "COMISARIAS",
     "IDIOMA": "Árabe",
     "COORDINADOR": 1301,
     "INICIO": "09:30:16",
     "FIN": "09:38:40",
     "DURACION": "00:08:24",
     "TIEMPO COLA": 9,
     "ATENDIDA": "SI",
     "CODIGO": "004000062935CAD6CB900505698CE95"
    },
    {
     "FECHA": "17-04-2024",
     "HORA": "09:27:16",
     "ESPECIAL": "NO",
     "DURACION": "00:01:29",
     "Llamado": 34678,
     "Llamante": 9111111,
     "TIPO CLIENTE": "ASILO Y REFUGIO",
     "IDIOMA": "Suninké\/Serahulle\/Sarakhollé",
     "COORDINADOR": 1296,
     "DURACION": "00:00:00",
     "TIEMPO COLA": 7,
     "ATENDIDA": "NO",
     "CODIGO": "004000062765CAD6CB900505698CE95"
    },
    {
     "FECHA": "17-04-2024",
     "HORA": "09:25:49",
     "ESPECIAL": "NO",
     "DURACION": "00:07:58",
     "Llamado": 34678,
     "Llamante": 9111111,
     "TIPO CLIENTE": "ASILO Y REFUGIO",
     "IDIOMA": "Urdu\/Paquistaní",
     "COORDINADOR": 1425,
     "INICIO": "09:28:05",
     "FIN": "09:34:08",
     "DURACION": "00:06:03",
     "TIEMPO COLA": 5,
     "ATENDIDA": "SI",
     "CODIGO": "004000062605CAD6CB900505698CE95"
    },
    {
     "FECHA": "17-04-2024",
     "HORA": "09:19:45",
     "ESPECIAL": "NO",
     "DURACION": "00:13:05",
     "Llamado": 34678,
     "Llamante": 9111111,
     "TIPO CLIENTE": "MOSSOS",
     "IDIOMA": "Búlgaro",
     "COORDINADOR": 1425,
     "INICIO": "09:22:18",
     "FIN": "09:33:09",
     "DURACION": "00:10:51",
     "TIEMPO COLA": 3,
     "ATENDIDA": "SI",
     "CODIGO": "004000062105CAD6CB900505698CE95"
    },
    {
     "FECHA": "17-04-2024",
     "HORA": "09:21:45",
     "ESPECIAL": "NO",
     "DURACION": "00:02:14",
     "Llamado": 34678,
     "Llamante": 9111111,
     "TIPO CLIENTE": "ASILO Y REFUGIO",
     "IDIOMA": "Wolof",
     "COORDINADOR": 1413,
     "INICIO": "09:22:51",
     "FIN": "09:23:04",
     "DURACION": "00:00:08",
     "TIEMPO COLA": 9,
     "ATENDIDA": "NO",
     "CODIGO": "0040000622F5CAD6CB900505698CE95"
    },
    {
     "FECHA": "17-04-2024",
     "HORA": "09:19:17",
     "ESPECIAL": "NO",
     "Llamado": 34678,
     "Llamante": 9111111,
     "TIPO CLIENTE": "OTROS",
     "IDIOMA": "Ruso",
     "COORDINADOR": 1354,
     "DURACION": "00:00:00",
     "TIEMPO COLA": 4,
     "ATENDIDA": "NO",
     "CODIGO": "004000061DA5CAD6CB900505698CE95"
    },
    {
     "FECHA": "17-04-2024",
     "HORA": "08:53:35",
     "ESPECIAL": "NO",
     "DURACION": "00:10:12",
     "Llamado": 34678,
     "Llamante": 93213,
     "TIPO CLIENTE": "ASILO Y REFUGIO",
     "IDIOMA": "Malinke\/Mandinka\/Mandinga\/Mandé\/Manden",
     "COORDINADOR": 1413,
     "INICIO": "08:56:36",
     "FIN": "09:04:07",
     "DURACION": "00:07:31",
     "TIEMPO COLA": 6,
     "ATENDIDA": "SI",
     "CODIGO": "004000061005CAD6CB900505698CE95"
    },
    {
     "FECHA": "17-04-2024",
     "HORA": "08:53:35",
     "ESPECIAL": "NO",
     "DURACION": "00:10:12",
     "Llamado": 34678,
     "Llamante": 93213,
     "TIPO CLIENTE": "COMISARIAS",
     "IDIOMA": "Albanés",
     "COORDINADOR": 1425,
     "INICIO": "08:56:36",
     "FIN": "09:04:07",
     "DURACION": "00:07:31",
     "TIEMPO COLA": 6,
     "ATENDIDA": "SI",
     "CODIGO": "009000016595CAD6CB100505698CE89"
    },
    {
     "FECHA": "17-04-2024",
     "HORA": "08:25:25",
     "ESPECIAL": "NO",
     "DURACION": "00:31:14",
     "Llamado": 34678,
     "Llamante": 93213,
     "TIPO CLIENTE": "COMISARIAS",
     "IDIOMA": "Árabe",
     "COORDINADOR": 1303,
     "INICIO": "08:28:20",
     "FIN": "08:57:01",
     "DURACION": "00:28:41",
     "TIEMPO COLA": 6,
     "ATENDIDA": "SI",
     "CODIGO": "004000060725CAD6CB900505698CE95"
    },
    {
     "FECHA": "17-04-2024",
     "HORA": "08:24:29",
     "ESPECIAL": "NO",
     "DURACION": "00:14:44",
     "Llamado": 34678,
     "Llamante": 93213,
     "TIPO CLIENTE": "COMISARIAS",
     "IDIOMA": "Albanés",
     "COORDINADOR": 1270,
     "INICIO": "08:26:45",
     "FIN": "08:39:43",
     "DURACION": "00:12:58",
     "TIEMPO COLA": 15,
     "ATENDIDA": "SI",
     "CODIGO": "004000060595CAD6CB900505698CE95"
    },
    {
     "FECHA": "17-04-2024",
     "HORA": "08:23:39",
     "ESPECIAL": "NO",
     "DURACION": "00:05:35",
     "Llamado": 34678,
     "Llamante": 93213,
     "TIPO CLIENTE": "ASILO Y REFUGIO",
     "IDIOMA": "Wolof",
     "COORDINADOR": 1429,
     "INICIO": "08:25:14",
     "FIN": "08:29:45",
     "DURACION": "00:04:31",
     "TIEMPO COLA": 16,
     "ATENDIDA": "SI",
     "CODIGO": "004000060545CAD6CB900505698CE95"
    },
    {
     "FECHA": "17-04-2024",
     "HORA": "07:48:34",
     "ESPECIAL": "SI",
     "DURACION": "00:12:30",
     "Llamado": 34678,
     "Llamante": 93213,
     "TIPO CLIENTE": "COMISARIAS",
     "IDIOMA": "Albanés",
     "COORDINADOR": 1310,
     "INICIO": "07:49:58",
     "FIN": "08:01:32",
     "DURACION": "00:11:34",
     "TIEMPO COLA": 12,
     "ATENDIDA": "SI",
     "CODIGO": "00400005FF55CAD6CB900505698CE95"
    },
    {
     "FECHA": "17-04-2024",
     "HORA": "07:40:50",
     "ESPECIAL": "SI",
     "DURACION": "00:06:13",
     "Llamado": 34678,
     "Llamante": 93213,
     "TIPO CLIENTE": "Teletraduccion ",
     "IDIOMA": "Árabe",
     "INICIO": "07:41:52",
     "FIN": "07:47:47",
     "DURACION": "00:05:55",
     "TIEMPO COLA": 0,
     "ATENDIDA": "SI",
     "CODIGO": "00400005FDF5CAD6CB900505698CE95"
    },
    {
     "FECHA": "17-04-2024",
     "HORA": "07:21:36",
     "ESPECIAL": "SI",
     "DURACION": "00:04:28",
     "Llamado": 34678,
     "Llamante": 93213,
     "TIPO CLIENTE": "COMISARIAS",
     "IDIOMA": "Albanés",
     "COORDINADOR": 1310,
     "INICIO": "07:22:49",
     "FIN": "07:26:26",
     "DURACION": "00:03:37",
     "TIEMPO COLA": 7,
     "ATENDIDA": "SI",
     "CODIGO": "00400005FBE5CAD6CB900505698CE95"
    },
    {
     "FECHA": "17-04-2024",
     "HORA": "04:58:12",
     "ESPECIAL": "SI",
     "DURACION": "00:04:50",
     "Llamado": 34678,
     "Llamante": 93213,
     "TIPO CLIENTE": "Teletraduccion ",
     "IDIOMA": "Francés",
     "INICIO": "04:58:54",
     "FIN": "05:03:34",
     "DURACION": "00:04:40",
     "TIEMPO COLA": 0,
     "ATENDIDA": "SI",
     "CODIGO": "00400005FA65CAD6CB900505698CE95"
    },
    {
     "FECHA": "17-04-2024",
     "HORA": "04:43:52",
     "ESPECIAL": "SI",
     "DURACION": "00:01:59",
     "Llamado": 34678,
     "Llamante": 93213,
     "TIPO CLIENTE": "Teletraduccion ",
     "IDIOMA": "Francés",
     "INICIO": "04:44:48",
     "FIN": "04:46:25",
     "DURACION": "00:01:37",
     "TIEMPO COLA": 0,
     "ATENDIDA": "SI",
     "CODIGO": "00400005F925CAD6CB900505698CE95"
    },
    {
     "FECHA": "17-04-2024",
     "HORA": "04:15:42",
     "ESPECIAL": "SI",
     "DURACION": "00:54:25",
     "Llamado": 34678,
     "Llamante": 93213,
     "TIPO CLIENTE": "MOSSOS",
     "IDIOMA": "Inglés",
     "COORDINADOR": 1310,
     "INICIO": "04:18:26",
     "FIN": "05:10:49",
     "DURACION": "00:52:23",
     "TIEMPO COLA": 26,
     "ATENDIDA": "SI",
     "CODIGO": "00400005F7A5CAD6CB900505698CE95"
    },
    {
     "FECHA": "17-04-2024",
     "HORA": "03:12:55",
     "ESPECIAL": "SI",
     "DURACION": "00:13:25",
     "Llamado": 34678,
     "Llamante": 93213,
     "TIPO CLIENTE": "Teletraduccion ",
     "IDIOMA": "Árabe",
     "INICIO": "03:13:54",
     "FIN": "03:26:52",
     "DURACION": "00:12:58",
     "TIEMPO COLA": 0,
     "ATENDIDA": "SI",
     "CODIGO": "00400005F605CAD6CB900505698CE95"
    },
    {
     "FECHA": "17-04-2024",
     "HORA": "02:39:29",
     "ESPECIAL": "SI",
     "DURACION": "00:00:55",
     "Llamado": 34678,
     "Llamante": 93213,
     "TIPO CLIENTE": "Teletraduccion ",
     "IDIOMA": "Eslovaco",
     "DURACION": "00:00:00",
     "TIEMPO COLA": 0,
     "ATENDIDA": "NO",
     "CODIGO": "00400005F475CAD6CB900505698CE95"
    },
    {
     "FECHA": "17-04-2024",
     "HORA": "02:38:13",
     "ESPECIAL": "SI",
     "DURACION": "00:00:20",
     "Llamado": 34678,
     "Llamante": 8600,
     "TIPO CLIENTE": "Teletraduccion ",
     "IDIOMA": "Eslovaco",
     "DURACION": "00:00:00",
     "TIEMPO COLA": 0,
     "ATENDIDA": "NO",
     "CODIGO": "00400005F3A5CAD6CB900505698CE95"
    },
    {
     "FECHA": "17-04-2024",
     "HORA": "02:36:21",
     "ESPECIAL": "SI",
     "DURACION": "00:00:44",
     "Llamado": 34678,
     "Llamante": 8600,
     "TIPO CLIENTE": "Teletraduccion ",
     "IDIOMA": "Eslovaco",
     "DURACION": "00:00:00",
     "TIEMPO COLA": 0,
     "ATENDIDA": "NO",
     "CODIGO": "00400005F2B5CAD6CB900505698CE95"
    },
    {
     "FECHA": "17-04-2024",
     "HORA": "02:03:52",
     "ESPECIAL": "SI",
     "DURACION": "00:05:39",
     "Llamado": 34678,
     "Llamante": 93213,
     "TIPO CLIENTE": "ASILO Y REFUGIO",
     "IDIOMA": "Francés",
     "COORDINADOR": 1310,
     "INICIO": "02:05:18",
     "FIN": "02:09:54",
     "DURACION": "00:04:36",
     "TIEMPO COLA": 7,
     "ATENDIDA": "SI",
     "CODIGO": "00400005F235CAD6CB900505698CE95"
    },
    {
     "FECHA": "17-04-2024",
     "HORA": "01:50:48",
     "ESPECIAL": "SI",
     "DURACION": "00:02:08",
     "Llamado": 34678,
     "Llamante": "P",
     "TIPO CLIENTE": "MOSSOS",
     "IDIOMA": "Árabe",
     "COORDINADOR": 1310,
     "INICIO": "01:52:10",
     "FIN": "01:53:20",
     "DURACION": "00:01:10",
     "TIEMPO COLA": 8,
     "ATENDIDA": "SI",
     "CODIGO": "00400005F1B5CAD6CB900505698CE95"
    },
    {
     "FECHA": "17-04-2024",
     "HORA": "01:44:04",
     "ESPECIAL": "SI",
     "DURACION": "00:04:57",
     "Llamado": 34678,
     "Llamante": "P",
     "TIPO CLIENTE": "MOSSOS",
     "IDIOMA": "Árabe",
     "COORDINADOR": 1310,
     "INICIO": "01:47:53",
     "FIN": "01:49:24",
     "DURACION": "00:01:31",
     "TIEMPO COLA": 7,
     "ATENDIDA": "SI",
     "CODIGO": "00400005F135CAD6CB900505698CE95"
    },
    {
     "FECHA": "17-04-2024",
     "HORA": "01:45:13",
     "ESPECIAL": "SI",
     "DURACION": "00:01:41",
     "Llamado": 34678,
     "Llamante": 93213,
     "TIPO CLIENTE": "MOSSOS",
     "IDIOMA": "Árabe",
     "COORDINADOR": 1310,
     "INICIO": "01:45:13",
     "FIN": "01:46:55",
     "DURACION": "00:01:41",
     "TIEMPO COLA": 0,
     "ATENDIDA": "SI",
     "CODIGO": "0090000162C5CAD6CB100505698CE89"
    },
    {
     "FECHA": "17-04-2024",
     "HORA": "01:40:34",
     "ESPECIAL": "SI",
     "DURACION": "00:08:34",
     "Llamado": 34678,
     "Llamante": "P",
     "TIPO CLIENTE": "MOSSOS",
     "IDIOMA": "Italiano",
     "COORDINADOR": 1310,
     "INICIO": "01:42:24",
     "FIN": "01:49:32",
     "DURACION": "00:07:08",
     "TIEMPO COLA": 8,
     "ATENDIDA": "SI",
     "CODIGO": "00400005F0B5CAD6CB900505698CE95"
    },
    {
     "FECHA": "17-04-2024",
     "HORA": "01:20:06",
     "ESPECIAL": "SI",
     "DURACION": "00:18:50",
     "Llamado": 34678,
     "Llamante": 93213,
     "TIPO CLIENTE": "Teletraduccion ",
     "IDIOMA": "Árabe",
     "INICIO": "01:20:46",
     "FIN": "01:39:28",
     "DURACION": "00:18:42",
     "TIEMPO COLA": 0,
     "ATENDIDA": "SI",
     "CODIGO": "00400005EF25CAD6CB900505698CE95"
    },
    {
     "FECHA": "17-04-2024",
     "HORA": "01:14:08",
     "ESPECIAL": "SI",
     "DURACION": "00:28:08",
     "Llamado": 34678,
     "Llamante": "P",
     "TIPO CLIENTE": "MOSSOS",
     "IDIOMA": "Árabe",
     "COORDINADOR": 1310,
     "INICIO": "01:17:03",
     "FIN": "01:42:36",
     "DURACION": "00:25:33",
     "TIEMPO COLA": 4,
     "ATENDIDA": "SI",
     "CODIGO": "00400005EDB5CAD6CB900505698CE95"
    },
    {
     "FECHA": "17-04-2024",
     "HORA": "01:10:08",
     "ESPECIAL": "SI",
     "DURACION": "00:11:59",
     "Llamado": 34678,
     "Llamante": "P",
     "TIPO CLIENTE": "MOSSOS",
     "IDIOMA": "Italiano",
     "COORDINADOR": 1310,
     "INICIO": "01:12:34",
     "FIN": "01:22:27",
     "DURACION": "00:09:53",
     "TIEMPO COLA": 3,
     "ATENDIDA": "SI",
     "CODIGO": "00400005EC45CAD6CB900505698CE95"
    },
    {
     "FECHA": "17-04-2024",
     "HORA": "00:52:47",
     "ESPECIAL": "SI",
     "DURACION": "00:15:16",
     "Llamado": 34678,
     "Llamante": "P",
     "TIPO CLIENTE": "COMISARIAS",
     "IDIOMA": "Árabe",
     "COORDINADOR": 1310,
     "INICIO": "00:54:27",
     "FIN": "01:08:21",
     "DURACION": "00:13:54",
     "TIEMPO COLA": 3,
     "ATENDIDA": "SI",
     "CODIGO": "00400005EAD5CAD6CB900505698CE95"
    },
    {
     "FECHA": "17-04-2024",
     "HORA": "00:42:58",
     "ESPECIAL": "SI",
     "DURACION": "00:25:53",
     "Llamado": 34678,
     "Llamante": 93213,
     "TIPO CLIENTE": "Teletraduccion ",
     "IDIOMA": "Árabe",
     "INICIO": "00:43:46",
     "FIN": "01:09:22",
     "DURACION": "00:25:36",
     "TIEMPO COLA": 0,
     "ATENDIDA": "SI",
     "CODIGO": "00400005E935CAD6CB900505698CE95"
    },
    {
     "FECHA": "17-04-2024",
     "HORA": "00:15:04",
     "ESPECIAL": "SI",
     "DURACION": "00:02:16",
     "Llamado": 34678,
     "Llamante": 93213,
     "TIPO CLIENTE": "COMISARIAS",
     "IDIOMA": "Árabe",
     "COORDINADOR": 1310,
     "INICIO": "00:16:44",
     "FIN": "00:18:04",
     "DURACION": "00:01:20",
     "TIEMPO COLA": 29,
     "ATENDIDA": "SI",
     "CODIGO": "00400005E845CAD6CB900505698CE95"
    },
    {
     "FECHA": "17-04-2024",
     "HORA": "00:06:16",
     "ESPECIAL": "SI",
     "DURACION": "00:08:07",
     "Llamado": 34678,
     "Llamante": 93213,
     "TIPO CLIENTE": "COMISARIAS",
     "IDIOMA": "Árabe",
     "COORDINADOR": 1310,
     "INICIO": "00:09:01",
     "FIN": "00:14:53",
     "DURACION": "00:05:52",
     "TIEMPO COLA": 15,
     "ATENDIDA": "SI",
     "CODIGO": "00400005E6A5CAD6CB900505698CE95"
    },
    {
     "FECHA": "16-04-2024",
     "HORA": "23:53:09",
     "ESPECIAL": "SI",
     "DURACION": "00:23:44",
     "Llamado": 34678,
     "Llamante": 93213,
     "TIPO CLIENTE": "OTROS",
     "IDIOMA": "Francés",
     "COORDINADOR": 1310,
     "INICIO": "23:55:09",
     "FIN": "00:17:15",
     "DURACION": "00:22:06",
     "TIEMPO COLA": 6,
     "ATENDIDA": "SI",
     "CODIGO": "00400005E555CAD6CB900505698CE95"
    },
    {
     "FECHA": "16-04-2024",
     "HORA": "23:35:26",
     "ESPECIAL": "SI",
     "DURACION": "00:12:41",
     "Llamado": 34678,
     "Llamante": 93213,
     "TIPO CLIENTE": "OTROS",
     "IDIOMA": "Lituano",
     "COORDINADOR": 1310,
     "INICIO": "23:38:24",
     "FIN": "23:48:37",
     "DURACION": "00:10:13",
     "TIEMPO COLA": 14,
     "ATENDIDA": "SI",
     "CODIGO": "00400005E3B5CAD6CB900505698CE95"
    },
    {
     "FECHA": "16-04-2024",
     "HORA": "23:20:18",
     "ESPECIAL": "SI",
     "DURACION": "00:11:08",
     "Llamado": 34678,
     "Llamante": "P",
     "TIPO CLIENTE": "MOSSOS",
     "IDIOMA": "Árabe",
     "COORDINADOR": 1310,
     "INICIO": "23:21:44",
     "FIN": "23:31:55",
     "DURACION": "00:10:11",
     "TIEMPO COLA": 13,
     "ATENDIDA": "SI",
     "CODIGO": "00400005E335CAD6CB900505698CE95"
    },
    {
     "FECHA": "16-04-2024",
     "HORA": "23:03:49",
     "ESPECIAL": "SI",
     "DURACION": "00:16:26",
     "Llamado": 34678,
     "Llamante": "P",
     "TIPO CLIENTE": "MOSSOS",
     "IDIOMA": "Marroquí",
     "COORDINADOR": 1310,
     "INICIO": "23:06:12",
     "FIN": "23:20:34",
     "DURACION": "00:14:22",
     "TIEMPO COLA": 3,
     "ATENDIDA": "SI",
     "CODIGO": "00400005E1E5CAD6CB900505698CE95"
    },
    {
     "FECHA": "16-04-2024",
     "HORA": "22:53:50",
     "ESPECIAL": "SI",
     "DURACION": "00:12:11",
     "Llamado": 34678,
     "Llamante": 93213,
     "TIPO CLIENTE": "COMISARIAS",
     "IDIOMA": "Albanés",
     "COORDINADOR": 1310,
     "INICIO": "22:55:03",
     "FIN": "23:06:22",
     "DURACION": "00:11:19",
     "TIEMPO COLA": 6,
     "ATENDIDA": "SI",
     "CODIGO": "00400005DF85CAD6CB900505698CE95"
    },
    {
     "FECHA": "16-04-2024",
     "HORA": "22:53:57",
     "ESPECIAL": "SI",
     "DURACION": "00:26:35",
     "Llamado": 34678,
     "Llamante": 93213,
     "TIPO CLIENTE": "Teletraduccion ",
     "IDIOMA": "Francés",
     "INICIO": "22:54:33",
     "FIN": "23:21:03",
     "DURACION": "00:26:30",
     "TIEMPO COLA": 0,
     "ATENDIDA": "SI",
     "CODIGO": "00400005DFB5CAD6CB900505698CE95"
    },
    {
     "FECHA": "16-04-2024",
     "HORA": "22:48:52",
     "ESPECIAL": "SI",
     "DURACION": "00:04:49",
     "Llamado": 34678,
     "Llamante": 93213,
     "TIPO CLIENTE": "Teletraduccion ",
     "IDIOMA": "Árabe",
     "INICIO": "22:49:28",
     "FIN": "22:54:12",
     "DURACION": "00:04:44",
     "TIEMPO COLA": 0,
     "ATENDIDA": "SI",
     "CODIGO": "00400005DE45CAD6CB900505698CE95"
    },
    {
     "FECHA": "16-04-2024",
     "HORA": "22:48:07",
     "ESPECIAL": "SI",
     "DURACION": "00:00:10",
     "Llamado": 34678,
     "Llamante": 93213,
     "TIPO CLIENTE": "Teletraduccion ",
     "IDIOMA": "Árabe",
     "INICIO": "22:48:44",
     "FIN": "22:48:48",
     "DURACION": "00:00:04",
     "TIEMPO COLA": 0,
     "ATENDIDA": "SI",
     "CODIGO": "00400005DD05CAD6CB900505698CE95"
    },
    {
     "FECHA": "16-04-2024",
     "HORA": "22:47:22",
     "ESPECIAL": "SI",
     "DURACION": "00:00:10",
     "Llamado": 34678,
     "Llamante": 93213,
     "TIPO CLIENTE": "Teletraduccion ",
     "IDIOMA": "Árabe",
     "INICIO": "22:47:58",
     "FIN": "22:48:03",
     "DURACION": "00:00:05",
     "TIEMPO COLA": 0,
     "ATENDIDA": "SI",
     "CODIGO": "00400005DBC5CAD6CB900505698CE95"
    },
    {
     "FECHA": "16-04-2024",
     "HORA": "22:39:49",
     "ESPECIAL": "SI",
     "DURACION": "00:16:01",
     "Llamado": 34678,
     "Llamante": 93213,
     "TIPO CLIENTE": "Teletraduccion ",
     "IDIOMA": "Árabe",
     "INICIO": "22:40:26",
     "FIN": "22:56:21",
     "DURACION": "00:15:55",
     "TIEMPO COLA": 0,
     "ATENDIDA": "SI",
     "CODIGO": "00400005DA85CAD6CB900505698CE95"
    },
    {
     "FECHA": "16-04-2024",
     "HORA": "22:37:42",
     "ESPECIAL": "SI",
     "DURACION": "00:09:03",
     "Llamado": 34678,
     "Llamante": 93213,
     "TIPO CLIENTE": "Teletraduccion ",
     "IDIOMA": "Árabe",
     "INICIO": "22:38:31",
     "FIN": "22:47:17",
     "DURACION": "00:08:46",
     "TIEMPO COLA": 0,
     "ATENDIDA": "SI",
     "CODIGO": "00400005D945CAD6CB900505698CE95"
    },
    {
     "FECHA": "16-04-2024",
     "HORA": "22:07:58",
     "ESPECIAL": "SI",
     "DURACION": "00:14:09",
     "Llamado": 34678,
     "Llamante": 93213,
     "TIPO CLIENTE": "OTROS",
     "IDIOMA": "Inglés",
     "COORDINADOR": 1310,
     "INICIO": "22:10:15",
     "FIN": "22:23:01",
     "DURACION": "00:12:46",
     "TIEMPO COLA": 39,
     "ATENDIDA": "SI",
     "CODIGO": "00400005D7D5CAD6CB900505698CE95"
    },
    {
     "FECHA": "16-04-2024",
     "HORA": "21:01:53",
     "ESPECIAL": "NO",
     "DURACION": "00:04:13",
     "Llamado": 34678,
     "Llamante": 112,
     "TIPO CLIENTE": "Teletraduccion ",
     "IDIOMA": "Inglés",
     "INICIO": "21:02:18",
     "FIN": "21:06:22",
     "DURACION": "00:04:04",
     "TIEMPO COLA": 0,
     "ATENDIDA": "SI",
     "CODIGO": "00400005D5D5CAD6CB900505698CE95"
    }
   ]